{ "compressionlevel":-1,
 "height":40,
 "infinite":false,
 "layers":[
        {
         "data":[75, 83, 83, 83, 83, 83, 73, 73, 73, 73, 73, 73, 73, 73, 81, 81, 81, 81, 73, 73,
            83, 91, 91, 73, 73, 73, 81, 81, 81, 81, 81, 81, 81, 81, 73, 73, 73, 73, 73, 73,
            73, 73, 73, 81, 81, 73, 73, 73, 73, 73, 73, 73, 73, 73, 81, 73, 74, 75, 75, 75,
            73, 73, 73, 73, 73, 81, 73, 74, 75, 75, 75, 75, 75, 75, 75, 75, 75, 75, 83, 83,
            73, 73, 73, 73, 73, 73, 73, 73, 73, 73, 73, 73, 73, 73, 73, 73, 73, 74, 75, 91,
            81, 81, 81, 81, 81, 81, 81, 81, 81, 81, 81, 81, 81, 81, 81, 81, 81, 73, 73, 73,
            74, 75, 76, 77, 78, 79, 80, 80, 89, 89, 89, 89, 89, 89, 89, 89, 89, 81, 81, 73,
            74, 75, 76, 77, 78, 79, 80, 88, 83, 73, 74, 75, 75, 75, 75, 75, 75, 75, 75, 75,
            74, 75, 76, 77, 78, 79, 80, 96, 75, 75, 75, 83, 83, 73, 74, 75, 75, 83, 83, 83,
            74, 75, 76, 77, 78, 79, 80, 104, 73, 73, 73, 73, 73, 81, 82, 83, 83, 73, 73, 73,
            74, 75, 76, 77, 78, 79, 80, 112, 81, 81, 81, 81, 81, 89, 90, 91, 91, 75, 75, 75,
            74, 73, 74, 75, 76, 77, 78, 79, 80, 80, 80, 80, 80, 80, 80, 80, 80, 80, 83, 83,
            74, 75, 76, 77, 78, 79, 80, 80, 80, 88, 88, 88, 88, 88, 88, 88, 88, 88, 80, 80,
            73, 73, 73, 73, 74, 75, 76, 77, 78, 79, 80, 96, 96, 96, 96, 96, 96, 96, 88, 88,
            81, 81, 81, 81, 73, 73, 73, 73, 73, 73, 73, 73, 73, 73, 74, 75, 76, 77, 78, 79,
            89, 89, 89, 89, 81, 81, 81, 81, 81, 81, 81, 81, 81, 81, 82, 83, 84, 85, 86, 87,
            97, 97, 97, 97, 89, 89, 89, 89, 89, 89, 89, 89, 89, 89, 90, 91, 92, 93, 94, 95,
            105, 105, 105, 105, 97, 97, 97, 97, 97, 97, 97, 97, 97, 97, 98, 99, 100, 101, 102, 103,
            113, 113, 113, 113, 105, 105, 105, 105, 105, 105, 105, 105, 105, 105, 106, 107, 108, 109, 110, 111,
            81, 81, 81, 81, 113, 113, 113, 113, 113, 113, 113, 113, 113, 113, 114, 115, 116, 117, 118, 119,
            89, 89, 89, 89, 89, 89, 89, 89, 89, 89, 89, 89, 89, 113, 114, 115, 116, 117, 118, 119,
            97, 97, 97, 97, 97, 97, 97, 97, 97, 97, 97, 97, 97, 97, 113, 114, 115, 116, 117, 118,
            105, 105, 105, 105, 105, 105, 105, 105, 105, 105, 105, 105, 105, 73, 73, 74, 75, 76, 77, 78,
            113, 113, 113, 113, 113, 113, 113, 113, 73, 73, 73, 73, 73, 81, 73, 74, 75, 76, 77, 78,
            114, 115, 116, 117, 118, 119, 120, 94, 81, 73, 73, 74, 75, 76, 77, 78, 79, 80, 78, 79,
            73, 74, 97, 98, 99, 100, 101, 102, 73, 81, 81, 82, 83, 84, 85, 86, 87, 88, 78, 79,
            81, 82, 105, 106, 107, 108, 109, 110, 81, 89, 89, 90, 91, 92, 93, 94, 95, 96, 78, 79,
            89, 90, 113, 114, 115, 116, 117, 73, 89, 97, 97, 98, 99, 100, 101, 102, 103, 104, 78, 79,
            89, 90, 73, 74, 75, 76, 77, 81, 97, 105, 105, 106, 107, 108, 109, 110, 111, 112, 78, 79,
            89, 90, 81, 82, 83, 84, 73, 89, 105, 113, 113, 114, 115, 116, 117, 118, 119, 120, 78, 79,
            89, 90, 89, 90, 91, 92, 81, 97, 113, 113, 114, 115, 116, 117, 118, 119, 120, 77, 78, 79,
            89, 90, 97, 98, 99, 73, 89, 105, 113, 114, 115, 116, 117, 118, 119, 120, 76, 77, 78, 79,
            89, 90, 105, 106, 107, 81, 97, 113, 113, 114, 115, 116, 117, 118, 119, 120, 76, 77, 78, 79,
            89, 90, 113, 114, 115, 89, 105, 113, 114, 115, 116, 117, 118, 119, 120, 75, 76, 77, 78, 79,
            89, 90, 73, 74, 75, 97, 113, 113, 114, 115, 116, 117, 118, 119, 120, 80, 76, 77, 78, 79,
            89, 90, 81, 82, 83, 105, 113, 114, 115, 116, 117, 118, 119, 120, 88, 88, 80, 80, 80, 79,
            89, 90, 89, 90, 91, 113, 113, 114, 115, 116, 117, 118, 119, 120, 96, 96, 88, 88, 88, 80,
            89, 90, 97, 98, 99, 113, 114, 115, 116, 117, 118, 119, 120, 112, 104, 104, 96, 96, 96, 88,
            89, 90, 105, 106, 107, 113, 114, 115, 116, 117, 118, 119, 120, 120, 112, 112, 104, 104, 104, 96,
            90, 91, 113, 114, 115, 116, 113, 114, 115, 116, 117, 118, 119, 120, 120, 120, 112, 112, 112, 104],
         "height":40,
         "id":1,
         "name":"Kachelebene 1",
         "opacity":1,
         "type":"tilelayer",
         "visible":true,
         "width":20,
         "x":0,
         "y":0
        }],
 "nextlayerid":2,
 "nextobjectid":1,
 "orientation":"orthogonal",
 "renderorder":"right-down",
 "tiledversion":"1.10.2",
 "tileheight":32,
 "tilesets":[
        {
         "columns":8,
         "firstgid":1,
         "image":"sewer_tileset.png",
         "imageheight":217,
         "imagewidth":192,
         "margin":0,
         "name":"sewer_tileset",
         "spacing":0,
         "tilecount":72,
         "tileheight":24,
         "tilewidth":24,
         "transparentcolor":"#ff00ff"
        }, 
        {
         "columns":8,
         "firstgid":73,
         "image":"tmw_desert_spacing.png",
         "imageheight":199,
         "imagewidth":265,
         "margin":1,
         "name":"Desert",
         "spacing":1,
         "tilecount":48,
         "tileheight":32,
         "tiles":[
                {
                 "id":30,
                 "probability":0.01
                }, 
                {
                 "id":31,
                 "probability":0.01
                }, 
                {
                 "id":37,
                 "probability":0.01
                }, 
                {
                 "id":38,
                 "probability":0.01
                }, 
                {
                 "id":39,
                 "probability":0.01
                }, 
                {
                 "id":45,
                 "probability":0
                }, 
                {
                 "id":46,
                 "probability":0.01
                }, 
                {
                 "id":47,
                 "probability":0.01
                }],
         "tilewidth":32,
         "wangsets":[
                {
                 "colors":[
                        {
                         "color":"#ff0000",
                         "name":"Desert",
                         "probability":1,
                         "tile":29
                        }, 
                        {
                         "color":"#00ff00",
                         "name":"Brick",
                         "probability":1,
                         "tile":9
                        }, 
                        {
                         "color":"#0000ff",
                         "name":"Cobblestone",
                         "probability":1,
                         "tile":33
                        }, 
                        {
                         "color":"#ff7700",
                         "name":"Dirt",
                         "probability":1,
                         "tile":14
                        }],
                 "name":"Desert",
                 "tile":5,
                 "type":"corner",
                 "wangtiles":[
                        {
                         "tileid":0,
                         "wangid":[0, 1, 0, 2, 0, 1, 0, 1]
                        }, 
                        {
                         "tileid":1,
                         "wangid":[0, 1, 0, 2, 0, 2, 0, 1]
                        }, 
                        {
                         "tileid":2,
                         "wangid":[0, 1, 0, 1, 0, 2, 0, 1]
                        }, 
                        {
                         "tileid":3,
                         "wangid":[0, 4, 0, 1, 0, 4, 0, 4]
                        }, 
                        {
                         "tileid":4,
                         "wangid":[0, 4, 0, 4, 0, 1, 0, 4]
                        }, 
                        {
                         "tileid":5,
                         "wangid":[0, 1, 0, 4, 0, 1, 0, 1]
                        }, 
                        {
                         "tileid":6,
                         "wangid":[0, 1, 0, 4, 0, 4, 0, 1]
                        }, 
                        {
                         "tileid":7,
                         "wangid":[0, 1, 0, 1, 0, 4, 0, 1]
                        }, 
                        {
                         "tileid":8,
                         "wangid":[0, 2, 0, 2, 0, 1, 0, 1]
                        }, 
                        {
                         "tileid":9,
                         "wangid":[0, 2, 0, 2, 0, 2, 0, 2]
                        }, 
                        {
                         "tileid":10,
                         "wangid":[0, 1, 0, 1, 0, 2, 0, 2]
                        }, 
                        {
                         "tileid":11,
                         "wangid":[0, 1, 0, 4, 0, 4, 0, 4]
                        }, 
                        {
                         "tileid":12,
                         "wangid":[0, 4, 0, 4, 0, 4, 0, 1]
                        }, 
                        {
                         "tileid":13,
                         "wangid":[0, 4, 0, 4, 0, 1, 0, 1]
                        }, 
                        {
                         "tileid":14,
                         "wangid":[0, 4, 0, 4, 0, 4, 0, 4]
                        }, 
                        {
                         "tileid":15,
                         "wangid":[0, 1, 0, 1, 0, 4, 0, 4]
                        }, 
                        {
                         "tileid":16,
                         "wangid":[0, 2, 0, 1, 0, 1, 0, 1]
                        }, 
                        {
                         "tileid":17,
                         "wangid":[0, 2, 0, 1, 0, 1, 0, 2]
                        }, 
                        {
                         "tileid":18,
                         "wangid":[0, 1, 0, 1, 0, 1, 0, 2]
                        }, 
                        {
                         "tileid":19,
                         "wangid":[0, 2, 0, 1, 0, 2, 0, 2]
                        },
                    
                        {
                         "tileid":20,
                         "wangid":[0, 2, 0, 2, 0, 1, 0, 2]
                        }, 
                        {
                         "tileid":21,
                         "wangid":[0, 4, 0, 1, 0, 1, 0, 1]
                        }, 
                        {
                         "tileid":22,
                         "wangid":[0, 4, 0, 1, 0, 1, 0, 4]
                        }, 
                        {
                         "tileid":23,
                         "wangid":[0, 1, 0, 1, 0, 1, 0, 4]
                        }, 
                        {
                         "tileid":24,
                         "wangid":[0, 1, 0, 3, 0, 1, 0, 1]
                        }, 
                        {
                         "tileid":25,
                         "wangid":[0, 1, 0, 3, 0, 3, 0, 1]
                        }, 
                        {
                         "tileid":26,
                         "wangid":[0, 1, 0, 1, 0, 3, 0, 1]
                        }, 
                        {
                         "tileid":27,
                         "wangid":[0, 1, 0, 2, 0, 2, 0, 2]
                        }, 
                        {
                         "tileid":28,
                         "wangid":[0, 2, 0, 2, 0, 2, 0, 1]
                        }, 
                        {
                         "tileid":29,
                         "wangid":[0, 1, 0, 1, 0, 1, 0, 1]
                        }, 
                        {
                         "tileid":30,
                         "wangid":[0, 1, 0, 1, 0, 1, 0, 1]
                        }, 
                        {
                         "tileid":31,
                         "wangid":[0, 1, 0, 1, 0, 1, 0, 1]
                        }, 
                        {
                         "tileid":32,
                         "wangid":[0, 3, 0, 3, 0, 1, 0, 1]
                        }, 
                        {
                         "tileid":33,
                         "wangid":[0, 3, 0, 3, 0, 3, 0, 3]
                        }, 
                        {
                         "tileid":34,
                         "wangid":[0, 1, 0, 1, 0, 3, 0, 3]
                        }, 
                        {
                         "tileid":35,
                         "wangid":[0, 3, 0, 1, 0, 3, 0, 3]
                        }, 
                        {
                         "tileid":36,
                         "wangid":[0, 3, 0, 3, 0, 1, 0, 3]
                        }, 
                        {
                         "tileid":37,
                         "wangid":[0, 1, 0, 1, 0, 1, 0, 1]
                        }, 
                        {
                         "tileid":38,
                         "wangid":[0, 1, 0, 1, 0, 1, 0, 1]
                        }, 
                        {
                         "tileid":39,
                         "wangid":[0, 1, 0, 1, 0, 1, 0, 1]
                        },
                    
                        {
                         "tileid":40,
                         "wangid":[0, 3, 0, 1, 0, 1, 0, 1]
                        }, 
                        {
                         "tileid":41,
                         "wangid":[0, 3, 0, 1, 0, 1, 0, 3]
                        }, 
                        {
                         "tileid":42,
                         "wangid":[0, 1, 0, 1, 0, 1, 0, 3]
                        }, 
                        {
                         "tileid":43,
                         "wangid":[0, 1, 0, 3, 0, 3, 0, 3]
                        }, 
                        {
                         "tileid":44,
                         "wangid":[0, 3, 0, 3, 0, 3, 0, 1]
                        }, 
                        {
                         "tileid":45,
                         "wangid":[0, 1, 0, 1, 0, 1, 0, 1]
                        }, 
                        {
                         "tileid":46,
                         "wangid":[0, 1, 0, 1, 0, 1, 0, 1]
                        }, 
                        {
                         "tileid":47,
                         "wangid":[0, 1, 0, 1, 0, 1, 0, 1]
                        }]
                }]
        }, 
        {
         "columns":8,
         "firstgid":121,
         "image":"tmw_desert_spacing.png",
         "imageheight":199,
         "imagewidth":265,
         "margin":0,
         "name":"Tiles1",
         "spacing":0,
         "tilecount":48,
         "tileheight":32,
         "tilewidth":32
        }],
 "tilewidth":32,
 "type":"map",
 "version":"1.10",
 "width":20
}